anon_school,anon_class,anon_pid,p_D,p_A,p_S
001,0015,000224,0.2735744118690491,0.314050555229187,0.1980641782283783
001,0015,007578,0.4561674892902374,0.5082390308380127,0.34510529041290283
001,0016,000727,0.3090237081050873,0.31573596596717834,0.2538610100746155
001,0016,001593,0.45060110092163086,0.492767870426178,0.3593641221523285
001,0016,001856,0.29421496391296387,0.3225259780883789,0.21733753383159637
001,0016,002939,0.22541658580303192,0.272024542093277,0.16132023930549622
001,0016,007401,0.33111974596977234,0.36931508779525757,0.2568320035934448
001,0024,003859,0.3747906982898712,0.4196479320526123,0.26971012353897095
001,0024,007010,0.2628418207168579,0.3048688769340515,0.1710611879825592
001,0041,001190,0.2727987766265869,0.3090237081050873,0.2186693549156189
001,0041,005030,0.22135066986083984,0.2689414322376251,0.1561049073934555
001,0041,007771,0.4368622601032257,0.4866974353790283,0.34687307476997375
001,0094,007442,0.2727987766265869,0.3106943964958191,0.19314736127853394
001,0110,005849,0.2568320035934448,0.30985841155052185,0.1919327825307846
001,0220,004254,0.319121390581131,0.34334173798561096,0.24798744916915894
001,0220,004945,0.24508501589298248,0.2845759987831116,0.18476751446723938
001,0220,007267,0.2568320035934448,0.2991051971912384,0.17328819632530212
001,0229,000981,0.3638729155063629,0.4059196412563324,0.26971012353897095
001,0229,006105,0.33895185589790344,0.3729618787765503,0.2628418207168579
001,0232,006112,0.25982561707496643,0.2885690927505493,0.2120688259601593
001,0232,006717,0.24508501589298248,0.29746994376182556,0.1755380779504776
002,0054,002235,0.272024542093277,0.314050555229187,0.1919327825307846
002,0054,002282,0.28776782751083374,0.32082128524780273,0.20434190332889557
002,0054,003948,0.4700067937374115,0.517936646938324,0.3354596793651581
002,0054,005843,0.26740819215774536,0.3123700022697449,0.19559408724308014
002,0054,006043,0.2538610100746155,0.2901756167411804,0.17895588278770447
002,0057,004558,0.26740819215774536,0.3048688769340515,0.188323974609375
002,0057,007231,0.30985841155052185,0.33982762694358826,0.23370636999607086
002,0078,001915,0.25982561707496643,0.3007456064224243,0.17217184603214264
002,0078,002964,0.2658804655075073,0.29992473125457764,0.19436779618263245
002,0102,000423,0.28937169909477234,0.328529417514801,0.19682618975639343
002,0102,000567,0.36116471886634827,0.4073334038257599,0.27125170826911926
002,0102,002196,0.2958398759365082,0.32766830921173096,0.20817892253398895
002,0102,002556,0.25091278553009033,0.2934044599533081,0.19436779618263245
002,0102,003573,0.36116471886634827,0.4134771525859833,0.2436424344778061
002,0102,004100,0.26740819215774536,0.3199707269668579,0.18010666966438293
002,0102,004300,0.24944725632667542,0.29421496391296387,0.17895588278770447
002,0102,005391,0.2950267493724823,0.319121390581131,0.22953522205352783
002,0102,006351,0.29665425419807434,0.333720326423645,0.21733753383159637
002,0127,000157,0.24077458679676056,0.28696784377098083,0.17217184603214264
002,0127,000165,0.31742626428604126,0.35756751894950867,0.23651622235774994
002,0127,002890,0.26435837149620056,0.308190256357193,0.16344544291496277
002,0127,003716,0.24508501589298248,0.26435837149620056,0.18476751446723938
002,0127,005170,0.3584653437137604,0.3993430435657501,0.2568320035934448
002,0127,005820,0.378459095954895,0.4111108183860779,0.28937169909477234
002,0127,006767,0.37022536993026733,0.41205689311027527,0.28378137946128845
002,0127,007335,0.3259495198726654,0.3674972355365753,0.23792988061904907
002,0132,000085,0.37799978256225586,0.4234579801559448,0.28776782751083374
002,0132,001197,0.43254271149635315,0.4821852743625641,0.3259495198726654
002,0132,001949,0.34775856137275696,0.3789186179637909,0.27125170826911926
002,0132,003417,0.33895185589790344,0.3858373761177063,0.24508501589298248
002,0132,003932,0.26740819215774536,0.30321571230888367,0.19072403013706207
002,0132,004337,0.4670886695384979,0.5130585432052612,0.3584653437137604
002,0132,005884,0.314050555229187,0.3593641221523285,0.21601155400276184
002,0132,007536,0.3886180520057678,0.4359014928340912,0.29421496391296387
002,0137,001845,0.30321571230888367,0.3407045006752014,0.23231014609336853
002,0137,001923,0.3225259780883789,0.3602639436721802,0.2422056347131729
002,0137,002883,0.23370636999607086,0.2806163728237152,0.1520322561264038
002,0137,003192,0.28140559792518616,0.30569732189178467,0.22000710666179657
002,0137,003269,0.2759094536304474,0.3048688769340515,0.21733753383159637
002,0137,005082,0.2658804655075073,0.2950267493724823,0.18952108919620514
002,0137,005325,0.32082128524780273,0.36206647753715515,0.23792988061904907
002,0137,006266,0.37570643424987793,0.4111108183860779,0.2958398759365082
002,0137,006428,0.23091977834701538,0.2751297354698181,0.16026602685451508
002,0137,007337,0.35220175981521606,0.3821414113044739,0.26740819215774536
002,0175,004531,0.25982561707496643,0.29178744554519653,0.17441026866436005
002,0175,006442,0.2743513584136963,0.2934044599533081,0.20817892253398895
002,0192,000115,0.2613309323787689,0.3048688769340515,0.19072403013706207
002,0192,001976,0.5076287984848022,0.5515737533569336,0.41063806414604187
002,0192,003589,0.27125170826911926,0.30404165387153625,0.18242552876472473
002,0192,004324,0.2538610100746155,0.29665425419807434,0.1677633374929428
002,0192,004441,0.2465333193540573,0.28140559792518616,0.18713268637657166
002,0192,006974,0.2885690927505493,0.32167303562164307,0.1980641782283783
002,0198,000663,0.2845759987831116,0.30321571230888367,0.20561504364013672
002,0198,001171,0.2538610100746155,0.2950267493724823,0.17781086266040802
002,0198,001341,0.2766905128955841,0.28537195920944214,0.2107662856578827
002,0198,002624,0.35220175981521606,0.39981165528297424,0.25982561707496643
002,0198,005464,0.21733753383159637,0.2628418207168579,0.14706450700759888
002,0205,001129,0.35667070746421814,0.3890821933746338,0.27904197573661804
002,0205,003503,0.2568320035934448,0.28537195920944214,0.188323974609375
002,0205,004048,0.27125170826911926,0.3007456064224243,0.19682618975639343
002,0205,004411,0.35220175981521606,0.35756751894950867,0.2727987766265869
002,0205,005448,0.24508501589298248,0.29665425419807434,0.18713268637657166
002,0214,001387,0.2689414322376251,0.2885690927505493,0.19072403013706207
002,0214,002998,0.29992473125457764,0.3486451208591461,0.19682618975639343
002,0214,005827,0.4678179919719696,0.5108625292778015,0.36931508779525757
002,0214,006803,0.3182732164859772,0.3584653437137604,0.23370636999607086
002,0221,002031,0.29178744554519653,0.3242354094982147,0.21601155400276184
002,0221,002583,0.22270013391971588,0.2538610100746155,0.16559311747550964
002,0221,005679,0.36206647753715515,0.4063906967639923,0.2735744118690491
002,0237,003540,0.2240554392337799,0.26971012353897095,0.16132023930549622
002,0237,004961,0.44167301058769226,0.4848068952560425,0.3486451208591461
002,0237,007119,0.28140559792518616,0.30985841155052185,0.21601155400276184
003,0035,001389,0.22541658580303192,0.2568320035934448,0.1677633374929428
003,0035,001662,0.20689405500888824,0.2436424344778061,0.14804719388484955
003,0035,001796,0.2436424344778061,0.2689414322376251,0.17328819632530212
003,0035,004676,0.2146914303302765,0.2465333193540573,0.1561049073934555
003,0035,005713,0.24944725632667542,0.2901756167411804,0.17441026866436005
003,0035,005981,0.22815649211406708,0.2628418207168579,0.1710611879825592
003,0035,006966,0.23370636999607086,0.2689414322376251,0.1766715943813324
003,0043,000588,0.24508501589298248,0.2766905128955841,0.18242552876472473
003,0043,003477,0.24798744916915894,0.28616926074028015,0.17441026866436005
003,0043,003522,0.29178744554519653,0.3007456064224243,0.2538610100746155
003,0043,005626,0.23934932053089142,0.25982561707496643,0.20055769383907318
003,0048,001272,0.2186693549156189,0.24944725632667542,0.16026602685451508
003,0048,001812,0.23231014609336853,0.2628418207168579,0.1766715943813324
003,0048,002806,0.2107662856578827,0.2583259642124176,0.15002880990505219
003,0048,003646,0.20946967601776123,0.25534364581108093,0.15102779865264893
003,0048,007294,0.2146914303302765,0.2613309323787689,0.15921740233898163
003,0049,006604,0.22541658580303192,0.26740819215774536,0.1490352898836136
003,0053,006118,0.24944725632667542,0.2925952970981598,0.17328819632530212
003,0053,007358,0.2133771777153015,0.2583259642124176,0.14608724415302277
003,0060,000561,0.26740819215774536,0.30404165387153625,0.1980641782283783
003,0060,001838,0.2351083904504776,0.26740819215774536,0.17441026866436005
003,0060,003220,0.2240554392337799,0.2613309323787689,0.14128141105175018
003,0060,004927,0.2925952970981598,0.32766830921173096,0.22541658580303192
003,0060,005876,0.2436424344778061,0.29665425419807434,0.16885694861412048
003,0060,006958,0.3250918686389923,0.3584653437137604,0.2523840367794037
003,0060,007139,0.2351083904504776,0.2806163728237152,0.16238002479076385
003,0062,003419,0.23091977834701538,0.2735744118690491,0.16885694861412048
003,0062,004170,0.23651622235774994,0.2845759987831116,0.18126320838928223
003,0062,004780,0.23934932053089142,0.2925952970981598,0.17441026866436005
003,0064,002227,0.24077458679676056,0.28537195920944214,0.18010666966438293
003,0064,004186,0.28378137946128845,0.31573596596717834,0.20689405500888824
003,0064,005042,0.2240554392337799,0.2613309323787689,0.16132023930549622
003,0064,006019,0.23091977834701538,0.2658804655075073,0.17217184603214264
003,0064,006686,0.25982561707496643,0.28378137946128845,0.21601155400276184
003,0066,005326,0.2613309323787689,0.31153160333633423,0.1980641782283783
003,0066,005847,0.21733753383159637,0.2658804655075073,0.14511536061763763
003,0066,006371,0.2436424344778061,0.2901756167411804,0.18359363079071045
003,0066,006702,0.2267836332321167,0.27747300267219543,0.1561049073934555
003,0072,000888,0.2751297354698181,0.2925952970981598,0.22953522205352783
003,0072,001504,0.2240554392337799,0.25982561707496643,0.17217184603214264
003,0072,002033,0.25091278553009033,0.2806163728237152,0.2030746340751648
003,0072,003897,0.22135066986083984,0.2658804655075073,0.16344544291496277
003,0072,006990,0.2766905128955841,0.29746994376182556,0.2030746340751648
003,0072,007042,0.2436424344778061,0.2735744118690491,0.18010666966438293
003,0072,007586,0.2613309323787689,0.2901756167411804,0.2107662856578827
003,0073,000217,0.46101677417755127,0.50262451171875,0.3593641221523285
003,0073,001450,0.23231014609336853,0.2689414322376251,0.17441026866436005
003,0073,001936,0.22135066986083984,0.25091278553009033,0.16238002479076385
003,0073,002110,0.24508501589298248,0.2950267493724823,0.17895588278770447
003,0073,002561,0.2658804655075073,0.3048688769340515,0.18242552876472473
003,0073,003781,0.23231014609336853,0.26435837149620056,0.169956237077713
003,0073,005049,0.272024542093277,0.3106943964958191,0.19559408724308014
003,0073,007049,0.2628418207168579,0.2885690927505493,0.2133771777153015
003,0073,007317,0.24077458679676056,0.27125170826911926,0.1755380779504776
003,0083,000365,0.25982561707496643,0.30321571230888367,0.188323974609375
003,0083,000393,0.22815649211406708,0.2798284888267517,0.16451646387577057
003,0083,001114,0.2689414322376251,0.30239108204841614,0.17217184603214264
003,0083,004471,0.2351083904504776,0.2759094536304474,0.16451646387577057
003,0083,005227,0.20434190332889557,0.24798744916915894,0.13206614553928375
003,0083,006824,0.22953522205352783,0.2798284888267517,0.16451646387577057
003,0083,007022,0.2465333193540573,0.2735744118690491,0.18476751446723938
003,0092,000025,0.2436424344778061,0.2829881012439728,0.18242552876472473
003,0092,000596,0.2351083904504776,0.26971012353897095,0.18359363079071045
003,0092,000693,0.42823341488838196,0.48035678267478943,0.3106943964958191
003,0092,001773,0.23651622235774994,0.2727987766265869,0.17328819632530212
003,0105,000474,0.2186693549156189,0.2782568037509918,0.13939638435840607
003,0105,001784,0.29421496391296387,0.31489261984825134,0.23231014609336853
003,0105,003917,0.3415825068950653,0.3858373761177063,0.2583259642124176
003,0105,004694,0.23231014609336853,0.2766905128955841,0.16238002479076385
003,0105,005052,0.25091278553009033,0.29098087549209595,0.1755380779504776
003,0105,005468,0.2422056347131729,0.2727987766265869,0.18126320838928223
003,0105,007120,0.21733753383159637,0.25534364581108093,0.14608724415302277
003,0116,002744,0.2465333193540573,0.29992473125457764,0.18126320838928223
003,0116,004293,0.26435837149620056,0.29178744554519653,0.2133771777153015
003,0116,004572,0.26740819215774536,0.28776782751083374,0.19314736127853394
003,0116,006572,0.2186693549156189,0.2628418207168579,0.15921740233898163
003,0116,007270,0.2523840367794037,0.28378137946128845,0.20817892253398895
003,0118,001098,0.23091977834701538,0.272024542093277,0.16026602685451508
003,0118,003006,0.23792988061904907,0.27904197573661804,0.1710611879825592
003,0126,000436,0.2759094536304474,0.3065270483493805,0.18952108919620514
003,0126,002236,0.20434190332889557,0.24944725632667542,0.13846178352832794
003,0126,003913,0.22000710666179657,0.2658804655075073,0.1520322561264038
003,0126,006179,0.22953522205352783,0.27747300267219543,0.16344544291496277
003,0126,006492,0.21733753383159637,0.2658804655075073,0.15713684260845184
003,0126,007576,0.25982561707496643,0.30404165387153625,0.19072403013706207
003,0130,002522,0.2240554392337799,0.25091278553009033,0.16885694861412048
003,0130,004673,0.2658804655075073,0.2991051971912384,0.20561504364013672
003,0140,000562,0.2436424344778061,0.2751297354698181,0.18126320838928223
003,0140,000967,0.20561504364013672,0.23934932053089142,0.14804719388484955
003,0140,002678,0.24077458679676056,0.27125170826911926,0.17441026866436005
003,0140,002848,0.23370636999607086,0.26435837149620056,0.16885694861412048
003,0140,003473,0.41205689311027527,0.45181018114089966,0.3106943964958191
003,0140,003591,0.22953522205352783,0.25982561707496643,0.16344544291496277
003,0140,004454,0.22815649211406708,0.26435837149620056,0.16667540371418
003,0140,006719,0.2120688259601593,0.24508501589298248,0.14414885640144348
003,0140,007380,0.22270013391971588,0.2523840367794037,0.16238002479076385
003,0142,000708,0.22541658580303192,0.25534364581108093,0.1677633374929428
003,0142,003706,0.22953522205352783,0.2658804655075073,0.16559311747550964
003,0153,000554,0.22815649211406708,0.24798744916915894,0.1766715943813324
003,0157,007251,0.2950267493724823,0.328529417514801,0.2240554392337799
003,0170,004055,0.24798744916915894,0.2658804655075073,0.19559408724308014
003,0173,002419,0.20561504364013672,0.2523840367794037,0.13568955659866333
003,0173,003543,0.21601155400276184,0.25534364581108093,0.1581743359565735
003,0174,000283,0.25534364581108093,0.2901756167411804,0.18713268637657166
003,0191,002316,0.32082128524780273,0.351311057806015,0.23934932053089142
003,0196,000445,0.2658804655075073,0.29098087549209595,0.19314736127853394
003,0196,001572,0.2934044599533081,0.32766830921173096,0.20946967601776123
003,0196,002046,0.23370636999607086,0.2751297354698181,0.16667540371418
003,0196,002540,0.2759094536304474,0.2925952970981598,0.2120688259601593
003,0196,003349,0.3442229926586151,0.37937837839126587,0.2689414322376251
003,0196,006973,0.2658804655075073,0.29746994376182556,0.1980641782283783
003,0207,000201,0.2240554392337799,0.26435837149620056,0.16132023930549622
003,0207,000392,0.27904197573661804,0.3123700022697449,0.2018132209777832
003,0207,000931,0.2658804655075073,0.2885690927505493,0.2186693549156189
003,0207,001417,0.22953522205352783,0.25982561707496643,0.1677633374929428
003,0207,003113,0.2628418207168579,0.2958398759365082,0.19314736127853394
003,0207,003382,0.23934932053089142,0.26740819215774536,0.1710611879825592
003,0207,003402,0.23091977834701538,0.2628418207168579,0.16559311747550964
003,0207,005035,0.25982561707496643,0.2782568037509918,0.18359363079071045
003,0207,005168,0.23651622235774994,0.2658804655075073,0.17895588278770447
003,0207,005338,0.22135066986083984,0.2583259642124176,0.16559311747550964
003,0207,006972,0.24508501589298248,0.28937169909477234,0.16885694861412048
003,0207,007647,0.2538610100746155,0.28140559792518616,0.18952108919620514
003,0228,002238,0.21733753383159637,0.24077458679676056,0.1677633374929428
003,0228,002291,0.25091278553009033,0.27747300267219543,0.19930799305438995
003,0228,003849,0.22815649211406708,0.24944725632667542,0.17441026866436005
003,0228,004702,0.22270013391971588,0.25982561707496643,0.16667540371418
003,0228,005241,0.2133771777153015,0.2658804655075073,0.13477590680122375
003,0228,005304,0.23651622235774994,0.2658804655075073,0.18594719469547272
003,0228,006975,0.2240554392337799,0.2568320035934448,0.169956237077713
003,0228,007451,0.22815649211406708,0.2613309323787689,0.16559311747550964
003,0228,007477,0.2465333193540573,0.2766905128955841,0.19930799305438995
003,0240,000814,0.21733753383159637,0.25091278553009033,0.16559311747550964
003,0240,000865,0.24077458679676056,0.28616926074028015,0.18594719469547272
003,0240,001542,0.2583259642124176,0.3073579967021942,0.19072403013706207
003,0240,001788,0.2120688259601593,0.25982561707496643,0.1561049073934555
003,0240,002541,0.2133771777153015,0.26740819215774536,0.154057577252388
003,0240,003482,0.23651622235774994,0.28696784377098083,0.16559311747550964
003,0240,003607,0.2613309323787689,0.29178744554519653,0.1919327825307846
003,0240,006506,0.20946967601776123,0.2613309323787689,0.1520322561264038
004,0007,000075,0.3048688769340515,0.332852303981781,0.22541658580303192
004,0007,000107,0.4588336646556854,0.507323682308197,0.3647775650024414
004,0007,001326,0.40497803688049316,0.4472188949584961,0.30985841155052185
004,0007,006546,0.3007456064224243,0.34246158599853516,0.2107662856578827
004,0007,006961,0.4891984164714813,0.5358271598815918,0.38722676038742065
004,0012,000484,0.44794324040412903,0.48456302285194397,0.3486451208591461
004,0012,002730,0.3602639436721802,0.40969306230545044,0.2538610100746155
004,0012,002751,0.30404165387153625,0.3486451208591461,0.20689405500888824
004,0012,006255,0.39606815576553345,0.4421546757221222,0.27747300267219543
004,0017,002118,0.39233678579330444,0.44191381335258484,0.2766905128955841
004,0017,002519,0.39840641617774963,0.44866785407066345,0.2751297354698181
004,0017,003791,0.32082128524780273,0.3638729155063629,0.22815649211406708
004,0017,007753,0.3647775650024414,0.403566837310791,0.27747300267219543
004,0051,001221,0.49054065346717834,0.5319388508796692,0.36116471886634827
004,0051,006602,0.30404165387153625,0.34334173798561096,0.2186693549156189
004,0068,001774,0.4695202708244324,0.512997567653656,0.3720487952232361
004,0068,003277,0.49133387207984924,0.5316957235336304,0.3729618787765503
004,0068,004176,0.25982561707496643,0.29421496391296387,0.18952108919620514
004,0068,004817,0.23651622235774994,0.2885690927505493,0.17217184603214264
004,0068,005907,0.3584653437137604,0.4063906967639923,0.2628418207168579
004,0149,001771,0.2766905128955841,0.3090237081050873,0.20055769383907318
004,0149,005119,0.3711366057395935,0.4234579801559448,0.26435837149620056
004,0149,006050,0.4148988425731659,0.4612594246864319,0.32082128524780273
004,0149,007733,0.3602639436721802,0.39793843030929565,0.2727987766265869
004,0208,002824,0.35220175981521606,0.3858373761177063,0.26740819215774536
004,0208,004249,0.38676342368125916,0.4287116527557373,0.2901756167411804
004,0208,005026,0.3942009508609772,0.43014734983444214,0.3015677034854889
004,0208,006502,0.27904197573661804,0.3182732164859772,0.20055769383907318
004,0208,006905,0.46879062056541443,0.5098254084587097,0.36840569972991943
004,0218,002387,0.418221652507782,0.4698851704597473,0.314050555229187
004,0218,002944,0.30404165387153625,0.34334173798561096,0.21601155400276184
005,0001,001722,0.5228112936019897,0.5698526501655579,0.4002804160118103
005,0001,001778,0.44167301058769226,0.48950350284576416,0.3302551507949829
005,0001,002035,0.4967956840991974,0.5363128781318665,0.3839877247810364
005,0001,006544,0.39094078540802,0.43494126200675964,0.29992473125457764
005,0001,007272,0.46198752522468567,0.5054318904876709,0.3380771279335022
005,0001,007495,0.4859656095504761,0.5276816487312317,0.36296918988227844
005,0050,000985,0.44866785407066345,0.500065803527832,0.32167303562164307
005,0050,001048,0.5043944120407104,0.5491570830345154,0.4012185335159302
005,0050,001120,0.41584742069244385,0.4639299511909485,0.29992473125457764
005,0050,002097,0.45084288716316223,0.4942934811115265,0.32766830921173096
005,0050,002155,0.4101654887199402,0.4539879560470581,0.2991051971912384
005,0050,003304,0.49875640869140625,0.5423785448074341,0.38444983959198
005,0050,005053,0.5450435876846313,0.5755879878997803,0.418221652507782
005,0050,005743,0.4904186427593231,0.5399537086486816,0.378459095954895
005,0050,006166,0.4576214849948883,0.5032805800437927,0.3442229926586151
005,0050,006873,0.49774169921875,0.5343695282936096,0.38075897097587585
005,0063,000935,0.47438764572143555,0.5226894617080688,0.3557748794555664
005,0063,003733,0.4806005656719208,0.5297499895095825,0.35220175981521606
005,0063,004124,0.36206647753715515,0.3988746404647827,0.2689414322376251
005,0067,002790,0.5144003033638,0.5631377100944519,0.37983831763267517
005,0067,005601,0.5131195783615112,0.5493988394737244,0.4125301241874695
005,0067,005824,0.44866785407066345,0.49610912799835205,0.34246158599853516
005,0067,006136,0.47816330194473267,0.5190337300300598,0.35488009452819824
005,0067,006419,0.5058895945549011,0.5489152669906616,0.38676342368125916
005,0067,006837,0.4639299511909485,0.5106795430183411,0.3407045006752014
005,0067,006963,0.4940798282623291,0.5399537086486816,0.39793843030929565
005,0069,001176,0.5133634805679321,0.5616957545280457,0.38537469506263733
005,0069,003505,0.4515683352947235,0.5018539428710938,0.3415825068950653
005,0069,003509,0.4153730273246765,0.45568299293518066,0.32167303562164307
005,0069,004122,0.4311051070690155,0.48169761896133423,0.3225259780883789
005,0069,004775,0.4484262764453888,0.49362221360206604,0.34334173798561096
005,0069,004993,0.4491509795188904,0.5006370544433594,0.3302551507949829
005,0069,005812,0.49588024616241455,0.5491570830345154,0.36206647753715515
005,0069,006398,0.4392662048339844,0.4864535331726074,0.3354596793651581
005,0070,002019,0.4909678101539612,0.541893720626831,0.35756751894950867
005,0070,003497,0.3293917179107666,0.38168036937713623,0.23231014609336853
005,0070,003669,0.4423955976963043,0.4855387210845947,0.35042136907577515
005,0070,004451,0.39233678579330444,0.43494126200675964,0.29421496391296387
005,0070,004585,0.531209409236908,0.5736784338951111,0.43950679898262024
005,0070,004705,0.43398144841194153,0.49188297986984253,0.30404165387153625
005,0070,006447,0.435421347618103,0.4834045469760895,0.3250918686389923
005,0074,001789,0.5164735317230225,0.5515737533569336,0.39233678579330444
005,0074,002872,0.44046923518180847,0.48474594950675964,0.34687307476997375
005,0074,003173,0.4445647597312927,0.49536147713661194,0.319121390581131
005,0074,003537,0.46830427646636963,0.5174489617347717,0.3584653437137604
005,0074,004524,0.4330222010612488,0.47718870639801025,0.3293917179107666
005,0074,006161,0.4605315029621124,0.5083000063896179,0.332852303981781
005,0074,006612,0.5636181831359863,0.5973730087280273,0.45374593138694763
005,0074,006830,0.48230719566345215,0.5156199336051941,0.378459095954895
005,0081,001193,0.3849121630191803,0.4344612956047058,0.2568320035934448
005,0081,001638,0.5510905385017395,0.5869964361190796,0.4588336646556854
005,0081,002910,0.4392662048339844,0.4927982985973358,0.30985841155052185
005,0081,003346,0.4101654887199402,0.4612594246864319,0.3015677034854889
005,0081,004331,0.5314525961875916,0.5736784338951111,0.4134771525859833
005,0081,005583,0.45011767745018005,0.49895474314689636,0.3259495198726654
005,0081,006116,0.4054487347602844,0.4649015963077545,0.2885690927505493
005,0081,006464,0.4234579801559448,0.4725617468357086,0.30569732189178467
005,0081,006880,0.34246158599853516,0.3720487952232361,0.25982561707496643
005,0081,007472,0.48450201749801636,0.5363128781318665,0.34334173798561096
005,0084,000236,0.4754835367202759,0.5304797887802124,0.33982762694358826
005,0084,001095,0.47852879762649536,0.5353413224220276,0.3812195360660553
005,0084,001437,0.5124486088752747,0.5525397062301636,0.40450742840766907
005,0084,002559,0.48950350284576416,0.5404388308525085,0.39793843030929565
005,0084,003478,0.5033263564109802,0.5522982478141785,0.3729618787765503
005,0084,004307,0.3380771279335022,0.37937837839126587,0.2465333193540573
005,0084,005028,0.47877252101898193,0.5310877561569214,0.3459886312484741
005,0084,005753,0.5609742999076843,0.5978426933288574,0.4464947283267975
005,0084,007362,0.49843600392341614,0.5399537086486816,0.36840569972991943
005,0086,001312,0.5029448866844177,0.555194079875946,0.37022536993026733
005,0086,004227,0.44987592101097107,0.5013885498046875,0.3259495198726654
005,0086,004657,0.308190256357193,0.35309353470802307,0.2186693549156189
005,0091,000953,0.4860265851020813,0.522567629814148,0.37387579679489136
005,0107,000537,0.48401427268981934,0.5397111177444458,0.35488009452819824
005,0107,001935,0.42919009923934937,0.47475293278694153,0.3250918686389923
005,0107,002328,0.449634313583374,0.49866485595703125,0.328529417514801
005,0107,002664,0.4728052020072937,0.5165954232215881,0.37662312388420105
005,0107,003984,0.47073665261268616,0.5217148661613464,0.35042136907577515
005,0107,004619,0.4896255135536194,0.5375269651412964,0.35667070746421814
005,0107,007584,0.4680611193180084,0.5138514041900635,0.3459886312484741
005,0134,007499,0.4711015820503235,0.5223240256309509,0.3647775650024414
005,0148,000066,0.46830427646636963,0.5109235644340515,0.378459095954895
005,0148,000342,0.5211055874824524,0.5604932308197021,0.41869693994522095
005,0148,000706,0.5162296295166016,0.5679365992546082,0.37662312388420105
005,0148,001078,0.4392662048339844,0.48688048124313354,0.3363310694694519
005,0148,001275,0.42536652088165283,0.4756053388118744,0.308190256357193
005,0148,001286,0.40262696146965027,0.4561674892902374,0.2958398759365082
005,0148,003539,0.5206181406974792,0.5674572587013245,0.39606815576553345
005,0148,006143,0.4723183512687683,0.5167173743247986,0.35488009452819824
005,0148,006415,0.4764578342437744,0.5269514322280884,0.33982762694358826
005,0148,007326,0.46198752522468567,0.5110455751419067,0.35220175981521606
005,0152,001187,0.4641728699207306,0.507415235042572,0.3354596793651581
005,0152,005740,0.46964189410209656,0.5133025646209717,0.3674972355365753
005,0152,006726,0.5489152669906616,0.5926666259765625,0.4402286112308502
005,0152,007645,0.5316957235336304,0.5698526501655579,0.4139508903026581
005,0152,007720,0.4639299511909485,0.507567822933197,0.35667070746421814
005,0156,001311,0.3302551507949829,0.38075897097587585,0.2351083904504776
005,0156,001783,0.4692769944667816,0.5108015537261963,0.36116471886634827
005,0156,002817,0.52220219373703,0.5746335387229919,0.39466747641563416
005,0156,003468,0.45350387692451477,0.499359130859375,0.333720326423645
005,0156,003585,0.4040370583534241,0.45035937428474426,0.308190256357193
005,0156,003590,0.42919009923934937,0.47962552309036255,0.31742626428604126
005,0156,004618,0.411583811044693,0.47402241826057434,0.30239108204841614
005,0156,005624,0.36296918988227844,0.4111108183860779,0.25982561707496643
005,0156,005912,0.4368622601032257,0.48889344930648804,0.3259495198726654
005,0156,006761,0.47487467527389526,0.5180585384368896,0.34510529041290283
005,0156,007413,0.328529417514801,0.3711366057395935,0.23934932053089142
005,0177,000041,0.47962552309036255,0.5276816487312317,0.35756751894950867
005,0177,000144,0.5597714185714722,0.5931380391120911,0.44625335931777954
005,0177,000492,0.43014734983444214,0.47244006395339966,0.3319854736328125
005,0177,000703,0.5118386149406433,0.5631377100944519,0.3835258483886719
005,0177,002893,0.45350387692451477,0.5028991103172302,0.3372035324573517
005,0177,003516,0.4749964475631714,0.5151321291923523,0.35488009452819824
005,0177,003980,0.4368622601032257,0.48401427268981934,0.30985841155052185
005,0177,004649,0.4728052020072937,0.5184242725372314,0.35309353470802307
005,0177,005409,0.3904758393764496,0.42250463366508484,0.3015677034854889
005,0177,006031,0.4287116527557373,0.4806005656719208,0.32082128524780273
005,0177,007079,0.4021573066711426,0.46004632115364075,0.29421496391296387
005,0184,002443,0.47536173462867737,0.517327070236206,0.3789186179637909
005,0187,000052,0.43494126200675964,0.47865068912506104,0.3259495198726654
005,0187,000674,0.3638729155063629,0.40827676653862,0.2743513584136963
005,0187,002278,0.4378235340118408,0.4945070445537567,0.31658050417900085
005,0187,004253,0.4909067749977112,0.5338835716247559,0.35667070746421814
005,0187,005037,0.5595307350158691,0.5959629416465759,0.4409506320953369
005,0187,005268,0.529628336429596,0.5736784338951111,0.4277552366256714
005,0187,005694,0.4605315029621124,0.5041197538375854,0.35667070746421814
005,0187,005923,0.49835970997810364,0.5350984334945679,0.37387579679489136
005,0187,006300,0.435421347618103,0.47609245777130127,0.3459886312484741
005,0187,007299,0.5139124393463135,0.5607337951660156,0.42441198229789734
005,0187,007764,0.4701283872127533,0.5095202922821045,0.37937837839126587
005,0188,000284,0.35398629307746887,0.4063906967639923,0.24508501589298248
005,0188,000714,0.5144612789154053,0.5547116994857788,0.4012185335159302
005,0188,001945,0.5214711427688599,0.570331335067749,0.3890821933746338
005,0188,002015,0.5231767296791077,0.56193608045578,0.4263215959072113
005,0188,003850,0.49502578377723694,0.5365557670593262,0.4002804160118103
005,0188,004848,0.5057065486907959,0.5527811646461487,0.3665897250175476
005,0188,005908,0.4975128471851349,0.5443170070648193,0.36931508779525757
005,0188,005917,0.45011767745018005,0.4994316101074219,0.3250918686389923
005,0188,006135,0.5237857699394226,0.5650587677955627,0.42107561230659485
005,0188,006552,0.5146442651748657,0.5684158205986023,0.43254271149635315
005,0188,007069,0.3407045006752014,0.39094078540802,0.23370636999607086
005,0199,000178,0.4870634377002716,0.5319388508796692,0.35756751894950867
005,0199,001535,0.5017929077148438,0.5399537086486816,0.3965354263782501
005,0199,002892,0.5088491439819336,0.553022563457489,0.37570643424987793
005,0199,004063,0.4806005656719208,0.5308445692062378,0.32766830921173096
005,0199,004624,0.382602721452713,0.42536652088165283,0.2798284888267517
005,0199,005817,0.4421546757221222,0.492767870426178,0.3354596793651581
005,0199,007030,0.4568943679332733,0.5151321291923523,0.34510529041290283
005,0199,007213,0.4139508903026581,0.45544078946113586,0.319121390581131
005,0211,001126,0.46733176708221436,0.5147662162780762,0.35756751894950867
005,0211,003193,0.4649015963077545,0.5098863840103149,0.3268083333969116
005,0211,003338,0.5717666149139404,0.6118459105491638,0.4634442627429962
005,0211,003915,0.4981842041015625,0.5380124449729919,0.37570643424987793
005,0211,004116,0.4881003499031067,0.5308445692062378,0.36116471886634827
005,0211,007089,0.5071406364440918,0.5532639026641846,0.37022536993026733
005,0211,007619,0.5103744864463806,0.5489152669906616,0.3656831681728363
005,0211,007772,0.37662312388420105,0.4125301241874695,0.29665425419807434
005,0212,001597,0.4881003499031067,0.5414088368415833,0.35220175981521606
005,0212,003066,0.48230719566345215,0.5331543684005737,0.351311057806015
005,0212,003145,0.5039672255516052,0.5450435876846313,0.38769033551216125
005,0212,005797,0.46660250425338745,0.5132415294647217,0.3593641221523285
005,0212,006078,0.39140594005584717,0.43638181686401367,0.29098087549209595
005,0212,007186,0.37387579679489136,0.4234579801559448,0.272024542093277
005,0212,007215,0.5506073832511902,0.5888891220092773,0.45181018114089966
005,0212,007652,0.48035678267478943,0.5343695282936096,0.34687307476997375
005,0213,000174,0.5172051191329956,0.5498823523521423,0.3900110721588135
005,0213,000570,0.45519864559173584,0.5087881684303284,0.3259495198726654
005,0213,001151,0.4530198276042938,0.4945070445537567,0.34687307476997375
005,0213,002086,0.39187127351760864,0.4431183934211731,0.2743513584136963
005,0213,002571,0.429668664932251,0.47317034006118774,0.3380771279335022
005,0213,007616,0.4995079040527344,0.5380124449729919,0.4002804160118103
005,0219,000712,0.41584742069244385,0.46004632115364075,0.3015677034854889
005,0219,000744,0.47621428966522217,0.5246382355690002,0.35042136907577515
005,0219,000762,0.4576214849948883,0.5126925706863403,0.33111974596977234
005,0219,001365,0.3319854736328125,0.37570643424987793,0.23792988061904907
005,0219,001531,0.47755420207977295,0.5275599360466003,0.33895185589790344
005,0219,003891,0.403566837310791,0.4423955976963043,0.30985841155052185
005,0219,004112,0.590779185295105,0.6270381808280945,0.48401427268981934
005,0219,004654,0.48559966683387756,0.5319388508796692,0.38444983959198
005,0219,005104,0.3268083333969116,0.34953272342681885,0.2436424344778061
005,0219,005555,0.543832540512085,0.5851011276245117,0.45205211639404297
005,0222,000453,0.47718870639801025,0.527438223361969,0.35042136907577515
005,0222,002636,0.4450470805168152,0.4929203987121582,0.3293917179107666
005,0222,002667,0.31658050417900085,0.3593641221523285,0.2120688259601593
005,0222,004212,0.4368622601032257,0.48846644163131714,0.31489261984825134
005,0222,004248,0.49163898825645447,0.531209409236908,0.382602721452713
005,0222,005521,0.36840569972991943,0.4054487347602844,0.2798284888267517
005,0222,006458,0.46964189410209656,0.5191556811332703,0.33982762694358826
005,0222,006555,0.4728052020072937,0.5253688097000122,0.35309353470802307
005,0224,000916,0.4806005656719208,0.5234203934669495,0.3293917179107666
005,0224,002048,0.4248892068862915,0.4691554307937622,0.31658050417900085
005,0224,003108,0.5336405038833618,0.5741560459136963,0.40497803688049316
005,0224,003472,0.484136164188385,0.524394690990448,0.3720487952232361
005,0224,004189,0.4651445150375366,0.5003566741943359,0.351311057806015
005,0224,004898,0.4717099070549011,0.5200088620185852,0.35042136907577515
005,0224,005133,0.5183023810386658,0.5544704794883728,0.4030968248844147
005,0224,005303,0.48883238434791565,0.5269514322280884,0.3900110721588135
005,0224,006413,0.5278033018112183,0.5655386447906494,0.42298123240470886
005,0224,007421,0.5015182495117188,0.5496405959129333,0.39606815576553345
005,0231,000939,0.5212274789810181,0.5674572587013245,0.38630032539367676
005,0231,000960,0.4919440448284149,0.5341265201568604,0.36931508779525757
005,0231,001684,0.5372841358184814,0.5765419602394104,0.43974733352661133
005,0231,005006,0.4763360917568207,0.5218366980552673,0.37662312388420105
005,0231,006262,0.3656831681728363,0.4163219630718231,0.2628418207168579
005,0231,006985,0.3711366057395935,0.4263215959072113,0.25982561707496643
005,0231,007226,0.5151930451393127,0.5527811646461487,0.40969306230545044
005,0231,007243,0.5000076293945312,0.5491570830345154,0.38168036937713623
005,0233,001729,0.5116556286811829,0.5655386447906494,0.3821414113044739
005,0233,004667,0.45132648944854736,0.49594125151634216,0.333720326423645
005,0233,005764,0.4999828338623047,0.5380124449729919,0.3835258483886719
005,0235,000681,0.4863315224647522,0.5343695282936096,0.35667070746421814
005,0235,001259,0.3242354094982147,0.3789186179637909,0.23091977834701538
005,0235,001647,0.5075372457504272,0.5498823523521423,0.39326852560043335
005,0235,002352,0.49542245268821716,0.5370413661003113,0.3789186179637909
005,0235,004483,0.47219666838645935,0.527438223361969,0.3647775650024414
005,0235,004851,0.418221652507782,0.4742659330368042,0.29746994376182556
005,0235,005150,0.3593641221523285,0.3988746404647827,0.2568320035934448
005,0235,005829,0.46830427646636963,0.512143611907959,0.37662312388420105
005,0235,007511,0.49127286672592163,0.529628336429596,0.37983831763267517
005,0238,001183,0.5033110976219177,0.5563995838165283,0.3720487952232361
005,0238,001470,0.4719533324241638,0.5259775519371033,0.3407045006752014
005,0238,001500,0.4177464544773102,0.4641728699207306,0.28776782751083374
005,0238,004098,0.5126925706863403,0.5532639026641846,0.3858373761177063
005,0238,005533,0.5319388508796692,0.5751108527183533,0.4368622601032257
005,0238,005637,0.4373428225517273,0.4790162444114685,0.3182732164859772
005,0238,007160,0.5150101780891418,0.5597714185714722,0.39187127351760864
005,0250,000004,0.5717666149139404,0.6062653660774231,0.4725617468357086
005,0250,000074,0.5595307350158691,0.596433162689209,0.45035937428474426
005,0250,003608,0.5083000063896179,0.5539879202842712,0.37387579679489136
005,0250,004362,0.5157418251037598,0.5532639026641846,0.4177464544773102
006,0002,004383,0.3970029056072235,0.4287116527557373,0.3073579967021942
006,0002,007249,0.2583259642124176,0.30239108204841614,0.18476751446723938
006,0006,000617,0.24798744916915894,0.2743513584136963,0.17895588278770447
006,0006,001155,0.24798744916915894,0.28537195920944214,0.1581743359565735
006,0006,002676,0.39466747641563416,0.44987592101097107,0.28537195920944214
006,0006,004788,0.4330222010612488,0.47755420207977295,0.333720326423645
006,0010,001759,0.43062615394592285,0.47779780626296997,0.3073579967021942
006,0010,002614,0.3250918686389923,0.35220175981521606,0.2465333193540573
006,0010,003118,0.41727152466773987,0.4668455719947815,0.30569732189178467
006,0010,003925,0.35042136907577515,0.3928025960922241,0.2689414322376251
006,0010,005451,0.3199707269668579,0.35309353470802307,0.23651622235774994
006,0010,006553,0.29828691482543945,0.332852303981781,0.2146914303302765
006,0010,006611,0.4148988425731659,0.44770172238349915,0.31742626428604126
006,0018,000513,0.22815649211406708,0.2727987766265869,0.16132023930549622
006,0020,002758,0.24508501589298248,0.29421496391296387,0.1710611879825592
006,0020,004091,0.3407045006752014,0.38676342368125916,0.25091278553009033
006,0020,005263,0.2628418207168579,0.3065270483493805,0.19314736127853394
006,0020,005595,0.4624730348587036,0.514705240726471,0.3380771279335022
006,0025,004629,0.22135066986083984,0.2628418207168579,0.154057577252388
006,0025,004659,0.25534364581108093,0.2991051971912384,0.17441026866436005
006,0026,000607,0.25534364581108093,0.2958398759365082,0.18594719469547272
006,0026,001381,0.3123700022697449,0.3293917179107666,0.24798744916915894
006,0026,003204,0.25982561707496643,0.2950267493724823,0.19682618975639343
006,0026,004818,0.38029852509498596,0.42536652088165283,0.29098087549209595
006,0026,005388,0.2798284888267517,0.3182732164859772,0.2120688259601593
006,0026,006752,0.2798284888267517,0.29992473125457764,0.22135066986083984
006,0027,000104,0.23370636999607086,0.26435837149620056,0.16238002479076385
006,0027,000720,0.3090237081050873,0.34953272342681885,0.22135066986083984
006,0027,003679,0.38954657316207886,0.435421347618103,0.2925952970981598
006,0027,003773,0.3937346339225769,0.43854472041130066,0.28537195920944214
006,0027,004912,0.319121390581131,0.36840569972991943,0.20434190332889557
006,0027,005047,0.37937837839126587,0.4277552366256714,0.28776782751083374
006,0027,005371,0.2568320035934448,0.27747300267219543,0.18952108919620514
006,0027,005513,0.4602889120578766,0.5055844783782959,0.3602639436721802
006,0027,005978,0.2658804655075073,0.3123700022697449,0.17328819632530212
006,0027,006296,0.4644157588481903,0.5065304040908813,0.36931508779525757
006,0027,006823,0.2751297354698181,0.32082128524780273,0.2018132209777832
006,0031,003121,0.270480215549469,0.31153160333633423,0.188323974609375
006,0031,004906,0.2583259642124176,0.3007456064224243,0.18126320838928223
006,0031,006323,0.2436424344778061,0.2759094536304474,0.17328819632530212
006,0031,007646,0.34510529041290283,0.38537469506263733,0.25091278553009033
006,0044,002346,0.2689414322376251,0.29665425419807434,0.19682618975639343
006,0044,005687,0.3372035324573517,0.378459095954895,0.24798744916915894
006,0056,000059,0.24798744916915894,0.28219619393348694,0.17441026866436005
006,0071,003636,0.2583259642124176,0.29992473125457764,0.188323974609375
006,0098,002136,0.3407045006752014,0.38444983959198,0.24508501589298248
006,0098,002922,0.25982561707496643,0.2751297354698181,0.19559408724308014
006,0098,006349,0.3965354263782501,0.43638181686401367,0.3073579967021942
006,0098,006486,0.3900110721588135,0.44480594992637634,0.28537195920944214
006,0098,006630,0.36206647753715515,0.4125301241874695,0.2658804655075073
006,0098,007273,0.3372035324573517,0.36206647753715515,0.2568320035934448
006,0098,007311,0.32167303562164307,0.36206647753715515,0.22953522205352783
006,0099,002186,0.22000710666179657,0.2735744118690491,0.15713684260845184
006,0103,001006,0.22000710666179657,0.2523840367794037,0.1490352898836136
006,0103,003284,0.42250463366508484,0.4675748646259308,0.32338011264801025
006,0103,003381,0.44480594992637634,0.48651453852653503,0.35398629307746887
006,0103,004570,0.36840569972991943,0.4144248068332672,0.26971012353897095
006,0103,004727,0.37570643424987793,0.42202815413475037,0.26740819215774536
006,0103,005081,0.22953522205352783,0.2806163728237152,0.16667540371418
006,0103,005529,0.31742626428604126,0.3593641221523285,0.22815649211406708
006,0103,007633,0.4196479320526123,0.4728052020072937,0.29746994376182556
006,0114,001280,0.2583259642124176,0.28537195920944214,0.18242552876472473
006,0114,001318,0.5236639380455017,0.5679365992546082,0.42107561230659485
006,0114,003218,0.2689414322376251,0.30321571230888367,0.20946967601776123
006,0114,004497,0.24508501589298248,0.2798284888267517,0.18359363079071045
006,0114,005293,0.49603280425071716,0.5346124768257141,0.36840569972991943
006,0114,006188,0.2613309323787689,0.2958398759365082,0.19682618975639343
006,0120,000034,0.48425814509391785,0.5254905819892883,0.37662312388420105
006,0120,001462,0.22953522205352783,0.2751297354698181,0.15921740233898163
006,0120,001793,0.4111108183860779,0.4651445150375366,0.29665425419807434
006,0120,001798,0.23370636999607086,0.2829881012439728,0.16451646387577057
006,0120,003317,0.23934932053089142,0.26971012353897095,0.18359363079071045
006,0120,007053,0.35398629307746887,0.39233678579330444,0.270480215549469
006,0120,007355,0.270480215549469,0.3106943964958191,0.2030746340751648
006,0120,007549,0.3182732164859772,0.351311057806015,0.23091977834701538
006,0123,002963,0.30569732189178467,0.31742626428604126,0.23370636999607086
006,0123,005509,0.4810881018638611,0.5181804895401001,0.3886180520057678
006,0123,006182,0.3319854736328125,0.3638729155063629,0.2523840367794037
006,0133,000572,0.29665425419807434,0.3302551507949829,0.2120688259601593
006,0133,001273,0.4378235340118408,0.48352646827697754,0.332852303981781
006,0133,003014,0.44987592101097107,0.5050352215766907,0.328529417514801
006,0133,005327,0.44046923518180847,0.48749038577079773,0.3442229926586151
006,0133,005695,0.270480215549469,0.2901756167411804,0.2146914303302765
006,0133,007433,0.43014734983444214,0.4756053388118744,0.3354596793651581
006,0133,007590,0.27904197573661804,0.3182732164859772,0.19436779618263245
006,0133,007637,0.39981165528297424,0.4440825283527374,0.2958398759365082
006,0139,002367,0.25982561707496643,0.3048688769340515,0.17781086266040802
006,0139,005647,0.2925952970981598,0.3319854736328125,0.19930799305438995
006,0146,001982,0.3065270483493805,0.32766830921173096,0.24077458679676056
006,0146,003610,0.42155182361602783,0.46733176708221436,0.308190256357193
006,0146,004084,0.5481898188591003,0.5798763036727905,0.4311051070690155
006,0146,007040,0.3638729155063629,0.4054487347602844,0.2658804655075073
006,0234,002438,0.3015677034854889,0.3319854736328125,0.2133771777153015
006,0234,005365,0.45568299293518066,0.5011062622070312,0.3363310694694519
006,0234,005844,0.3242354094982147,0.3647775650024414,0.23370636999607086
007,0003,000630,0.2613309323787689,0.29746994376182556,0.2018132209777832
007,0003,000768,0.2583259642124176,0.28937169909477234,0.18126320838928223
007,0003,002105,0.22953522205352783,0.2766905128955841,0.16451646387577057
007,0003,004970,0.24077458679676056,0.2727987766265869,0.17781086266040802
007,0019,001962,0.2628418207168579,0.2950267493724823,0.19559408724308014
007,0019,002731,0.2568320035934448,0.2950267493724823,0.18126320838928223
007,0019,005016,0.2628418207168579,0.28776782751083374,0.1919327825307846
007,0019,006848,0.26740819215774536,0.30321571230888367,0.18713268637657166
007,0019,007394,0.26740819215774536,0.30239108204841614,0.18713268637657166
007,0023,001905,0.23934932053089142,0.25982561707496643,0.18242552876472473
007,0023,001979,0.28140559792518616,0.32338011264801025,0.20561504364013672
007,0023,002371,0.2568320035934448,0.2885690927505493,0.20434190332889557
007,0023,002462,0.23231014609336853,0.26740819215774536,0.16667540371418
007,0023,002775,0.24944725632667542,0.28696784377098083,0.15921740233898163
007,0023,004871,0.3007456064224243,0.33111974596977234,0.22815649211406708
007,0034,000824,0.24798744916915894,0.28776782751083374,0.17895588278770447
007,0034,001144,0.28378137946128845,0.3065270483493805,0.18594719469547272
007,0036,000843,0.24798744916915894,0.2766905128955841,0.18359363079071045
007,0036,000904,0.2351083904504776,0.27904197573661804,0.15921740233898163
007,0036,003228,0.27747300267219543,0.31742626428604126,0.19436779618263245
007,0036,003875,0.2658804655075073,0.2934044599533081,0.18594719469547272
007,0036,003876,0.26435837149620056,0.30569732189178467,0.19930799305438995
007,0039,001084,0.28616926074028015,0.308190256357193,0.20817892253398895
007,0039,001757,0.24944725632667542,0.29098087549209595,0.17441026866436005
007,0039,003005,0.2628418207168579,0.3007456064224243,0.1980641782283783
007,0039,003567,0.2351083904504776,0.25982561707496643,0.17217184603214264
007,0039,003978,0.2613309323787689,0.2958398759365082,0.18952108919620514
007,0039,004295,0.2465333193540573,0.2766905128955841,0.17781086266040802
007,0039,005111,0.24798744916915894,0.2934044599533081,0.17217184603214264
007,0039,005821,0.2829881012439728,0.3123700022697449,0.20946967601776123
007,0039,006326,0.2351083904504776,0.28776782751083374,0.16667540371418
007,0039,006747,0.2798284888267517,0.3073579967021942,0.20817892253398895
007,0039,006806,0.22000710666179657,0.26435837149620056,0.15102779865264893
007,0040,001361,0.24508501589298248,0.2727987766265869,0.1766715943813324
007,0040,002501,0.26435837149620056,0.29665425419807434,0.19559408724308014
007,0040,003019,0.28219619393348694,0.308190256357193,0.2146914303302765
007,0040,003055,0.2934044599533081,0.328529417514801,0.21733753383159637
007,0040,007057,0.429668664932251,0.4736572504043579,0.3345894515514374
007,0040,007283,0.5118995904922485,0.5496405959129333,0.4054487347602844
007,0040,007314,0.31153160333633423,0.3459886312484741,0.22135066986083984
007,0058,001051,0.29098087549209595,0.3225259780883789,0.2146914303302765
007,0058,001630,0.2240554392337799,0.2689414322376251,0.14804719388484955
007,0058,001727,0.2925952970981598,0.333720326423645,0.2107662856578827
007,0058,001753,0.2658804655075073,0.29421496391296387,0.20055769383907318
007,0058,002386,0.24077458679676056,0.2845759987831116,0.16885694861412048
007,0058,002679,0.2613309323787689,0.3015677034854889,0.16344544291496277
007,0058,004153,0.270480215549469,0.3132096529006958,0.2030746340751648
007,0058,004274,0.24798744916915894,0.2925952970981598,0.18359363079071045
007,0058,004473,0.28378137946128845,0.3268083333969116,0.20055769383907318
007,0058,004532,0.24798744916915894,0.29421496391296387,0.1766715943813324
007,0058,004674,0.22541658580303192,0.2628418207168579,0.1490352898836136
007,0058,006328,0.28616926074028015,0.3015677034854889,0.23091977834701538
007,0077,000938,0.22953522205352783,0.272024542093277,0.16238002479076385
007,0077,002932,0.23934932053089142,0.2845759987831116,0.17217184603214264
007,0077,002955,0.2422056347131729,0.28537195920944214,0.1755380779504776
007,0077,004474,0.28537195920944214,0.3106943964958191,0.21733753383159637
007,0077,004617,0.35220175981521606,0.39233678579330444,0.26435837149620056
007,0077,006978,0.2465333193540573,0.2885690927505493,0.17895588278770447
007,0082,000670,0.28937169909477234,0.3354596793651581,0.1980641782283783
007,0082,004809,0.25982561707496643,0.29828691482543945,0.1766715943813324
007,0082,007653,0.26971012353897095,0.30569732189178467,0.19682618975639343
007,0101,001714,0.2568320035934448,0.29992473125457764,0.18010666966438293
007,0101,003650,0.332852303981781,0.36296918988227844,0.25534364581108093
007,0101,003881,0.2018132209777832,0.24077458679676056,0.12168574333190918
007,0101,003945,0.3372035324573517,0.38075897097587585,0.23934932053089142
007,0101,005703,0.2751297354698181,0.29992473125457764,0.2186693549156189
007,0101,007349,0.2751297354698181,0.31742626428604126,0.20055769383907318
007,0106,002502,0.2436424344778061,0.26971012353897095,0.17328819632530212
007,0106,002618,0.29178744554519653,0.32338011264801025,0.2030746340751648
007,0106,003323,0.41869693994522095,0.45810630917549133,0.332852303981781
007,0106,004932,0.25091278553009033,0.29098087549209595,0.1766715943813324
007,0106,005433,0.29992473125457764,0.319121390581131,0.23651622235774994
007,0106,005834,0.2727987766265869,0.30569732189178467,0.18952108919620514
007,0106,005947,0.2133771777153015,0.25534364581108093,0.13386748731136322
007,0106,007025,0.28616926074028015,0.3225259780883789,0.20946967601776123
007,0113,002991,0.22135066986083984,0.270480215549469,0.15102779865264893
007,0113,003446,0.22953522205352783,0.2806163728237152,0.16885694861412048
007,0113,004511,0.25091278553009033,0.29421496391296387,0.17328819632530212
007,0113,004789,0.2689414322376251,0.30321571230888367,0.2120688259601593
007,0113,005711,0.28537195920944214,0.32082128524780273,0.2146914303302765
007,0113,006710,0.24944725632667542,0.2885690927505493,0.1710611879825592
007,0113,006724,0.2613309323787689,0.3015677034854889,0.19314736127853394
007,0113,007567,0.30985841155052185,0.34246158599853516,0.23651622235774994
007,0128,001637,0.24508501589298248,0.272024542093277,0.1766715943813324
007,0128,003281,0.23651622235774994,0.28696784377098083,0.17441026866436005
007,0128,003546,0.26740819215774536,0.29992473125457764,0.20689405500888824
007,0128,005195,0.4481847584247589,0.5011825561523438,0.3319854736328125
007,0128,005445,0.22541658580303192,0.270480215549469,0.16238002479076385
007,0128,005668,0.26435837149620056,0.29746994376182556,0.20561504364013672
007,0128,007054,0.2613309323787689,0.3048688769340515,0.18359363079071045
007,0131,000695,0.27904197573661804,0.31573596596717834,0.2107662856578827
007,0131,002157,0.24508501589298248,0.2735744118690491,0.17895588278770447
007,0131,002177,0.24077458679676056,0.2743513584136963,0.18126320838928223
007,0131,002212,0.23792988061904907,0.2798284888267517,0.169956237077713
007,0131,002275,0.24508501589298248,0.2845759987831116,0.16238002479076385
007,0131,002320,0.2689414322376251,0.2798284888267517,0.21733753383159637
007,0131,005936,0.2422056347131729,0.2727987766265869,0.17328819632530212
007,0147,000421,0.25982561707496643,0.29992473125457764,0.18010666966438293
007,0147,001229,0.2628418207168579,0.29178744554519653,0.2030746340751648
007,0147,002020,0.24944725632667542,0.28937169909477234,0.18359363079071045
007,0147,005092,0.29828691482543945,0.31658050417900085,0.23231014609336853
007,0147,007512,0.23792988061904907,0.27125170826911926,0.16885694861412048
007,0151,000253,0.2523840367794037,0.2934044599533081,0.18242552876472473
007,0151,000928,0.25534364581108093,0.28937169909477234,0.2018132209777832
007,0151,001485,0.2583259642124176,0.2991051971912384,0.19314736127853394
007,0151,001998,0.22270013391971588,0.270480215549469,0.16026602685451508
007,0151,002783,0.22815649211406708,0.2658804655075073,0.154057577252388
007,0151,002842,0.2267836332321167,0.2628418207168579,0.15102779865264893
007,0151,004814,0.29746994376182556,0.3319854736328125,0.2146914303302765
007,0151,005975,0.24077458679676056,0.29098087549209595,0.17217184603214264
007,0151,007473,0.25534364581108093,0.29828691482543945,0.19559408724308014
007,0158,000456,0.29992473125457764,0.32167303562164307,0.21733753383159637
007,0158,000923,0.2689414322376251,0.29992473125457764,0.19436779618263245
007,0158,001154,0.24798744916915894,0.28937169909477234,0.17328819632530212
007,0158,002950,0.23651622235774994,0.2806163728237152,0.1561049073934555
007,0158,003440,0.24077458679676056,0.28537195920944214,0.17328819632530212
007,0158,006027,0.28537195920944214,0.30985841155052185,0.22000710666179657
007,0158,006804,0.23651622235774994,0.28616926074028015,0.16885694861412048
007,0158,007777,0.29178744554519653,0.3182732164859772,0.22270013391971588
007,0181,000659,0.30321571230888367,0.3363310694694519,0.22135066986083984
007,0181,004024,0.26740819215774536,0.2950267493724823,0.18359363079071045
007,0181,006468,0.2351083904504776,0.2628418207168579,0.18476751446723938
007,0186,000407,0.2465333193540573,0.2925952970981598,0.18126320838928223
007,0186,001889,0.2735744118690491,0.3123700022697449,0.19682618975639343
007,0186,002250,0.2766905128955841,0.3065270483493805,0.22000710666179657
007,0186,003769,0.2030746340751648,0.2422056347131729,0.1250653713941574
007,0186,004621,0.44167301058769226,0.4798692762851715,0.3363310694694519
007,0186,005181,0.2798284888267517,0.29665425419807434,0.22135066986083984
007,0186,006358,0.2568320035934448,0.2950267493724823,0.1980641782283783
007,0186,006921,0.4315841495990753,0.47828516364097595,0.30239108204841614
007,0186,007623,0.4440825283527374,0.4907847046852112,0.3557748794555664
007,0189,001408,0.3442229926586151,0.3928025960922241,0.24077458679676056
007,0189,002527,0.2107662856578827,0.2613309323787689,0.14414885640144348
007,0189,002834,0.2436424344778061,0.2806163728237152,0.16238002479076385
007,0189,002879,0.23370636999607086,0.28219619393348694,0.16026602685451508
007,0189,005207,0.46198752522468567,0.5059506297111511,0.3293917179107666
007,0189,006051,0.2240554392337799,0.2583259642124176,0.16885694861412048
007,0189,007478,0.25091278553009033,0.28696784377098083,0.16132023930549622
007,0194,002195,0.314050555229187,0.34775856137275696,0.24077458679676056
007,0194,002341,0.22270013391971588,0.25982561707496643,0.1561049073934555
007,0194,003391,0.4838923215866089,0.5299932360649109,0.3602639436721802
007,0194,003701,0.3073579967021942,0.3259495198726654,0.23091977834701538
007,0194,003856,0.32338011264801025,0.36840569972991943,0.23231014609336853
007,0194,004539,0.28140559792518616,0.2934044599533081,0.23231014609336853
007,0194,004878,0.4130035638809204,0.4627158045768738,0.30239108204841614
007,0194,005968,0.26435837149620056,0.29828691482543945,0.17781086266040802
007,0194,007195,0.28696784377098083,0.32167303562164307,0.21733753383159637
007,0194,007750,0.3199707269668579,0.3354596793651581,0.24798744916915894
007,0195,004023,0.2568320035934448,0.29992473125457764,0.18359363079071045
007,0195,004157,0.29992473125457764,0.3442229926586151,0.20946967601776123
007,0195,005126,0.2465333193540573,0.28696784377098083,0.19072403013706207
007,0197,000836,0.2436424344778061,0.28776782751083374,0.16559311747550964
007,0197,001725,0.2422056347131729,0.270480215549469,0.16238002479076385
007,0197,005271,0.2613309323787689,0.2885690927505493,0.19559408724308014
007,0197,006675,0.26740819215774536,0.2901756167411804,0.2120688259601593
007,0197,007189,0.2351083904504776,0.2782568037509918,0.16238002479076385
007,0225,001855,0.2766905128955841,0.30985841155052185,0.20946967601776123
007,0225,003223,0.2613309323787689,0.28937169909477234,0.1919327825307846
007,0225,004663,0.272024542093277,0.30569732189178467,0.19436779618263245
007,0225,006138,0.2658804655075073,0.29992473125457764,0.18010666966438293
007,0225,007562,0.2782568037509918,0.3048688769340515,0.22270013391971588
007,0227,001204,0.25982561707496643,0.29828691482543945,0.1755380779504776
007,0227,001486,0.22135066986083984,0.2613309323787689,0.13660839200019836
007,0227,002575,0.4436004161834717,0.48559966683387756,0.351311057806015
007,0227,002807,0.25982561707496643,0.30404165387153625,0.18594719469547272
007,0227,004224,0.4440825283527374,0.5058286190032959,0.32766830921173096
007,0227,005264,0.2583259642124176,0.2991051971912384,0.18242552876472473
007,0227,005836,0.332852303981781,0.3830641508102417,0.23792988061904907
007,0227,005891,0.23231014609336853,0.26740819215774536,0.16667540371418
007,0227,006780,0.22541658580303192,0.2628418207168579,0.1710611879825592
007,0244,000101,0.3015677034854889,0.3372035324573517,0.2120688259601593
007,0244,002241,0.2465333193540573,0.28616926074028015,0.18010666966438293
007,0244,002514,0.2583259642124176,0.29098087549209595,0.18476751446723938
007,0244,004635,0.25534364581108093,0.30239108204841614,0.19072403013706207
007,0244,004680,0.5156199336051941,0.561214804649353,0.4196479320526123
007,0244,006956,0.23934932053089142,0.27904197573661804,0.1710611879825592
008,0005,000251,0.22000710666179657,0.2759094536304474,0.1550784707069397
008,0005,000464,0.25091278553009033,0.28140559792518616,0.1755380779504776
008,0005,003375,0.24798744916915894,0.308190256357193,0.1710611879825592
008,0005,004684,0.22270013391971588,0.2727987766265869,0.1561049073934555
008,0005,004771,0.2523840367794037,0.2934044599533081,0.18010666966438293
008,0005,006004,0.20817892253398895,0.25534364581108093,0.13939638435840607
008,0005,007006,0.23792988061904907,0.29992473125457764,0.15713684260845184
008,0005,007224,0.25982561707496643,0.3007456064224243,0.18242552876472473
008,0005,007239,0.25534364581108093,0.29665425419807434,0.19436779618263245
008,0005,007416,0.22815649211406708,0.27904197573661804,0.16132023930549622
008,0008,003274,0.2568320035934448,0.29665425419807434,0.2030746340751648
008,0008,004644,0.23091977834701538,0.26971012353897095,0.1677633374929428
008,0008,005390,0.23651622235774994,0.2759094536304474,0.16559311747550964
008,0008,005587,0.23231014609336853,0.2735744118690491,0.16344544291496277
008,0008,007277,0.2583259642124176,0.3065270483493805,0.19072403013706207
008,0021,000259,0.21733753383159637,0.2628418207168579,0.154057577252388
008,0021,000771,0.49613964557647705,0.5414088368415833,0.37662312388420105
008,0021,000895,0.26435837149620056,0.3065270483493805,0.18594719469547272
008,0021,001104,0.2628418207168579,0.30239108204841614,0.20434190332889557
008,0021,005489,0.2934044599533081,0.3199707269668579,0.2240554392337799
008,0021,006005,0.3881540596485138,0.4263215959072113,0.3048688769340515
008,0021,006547,0.2689414322376251,0.3065270483493805,0.19072403013706207
008,0028,001644,0.2628418207168579,0.29746994376182556,0.20561504364013672
008,0028,007293,0.20946967601776123,0.25982561707496643,0.13939638435840607
008,0030,001864,0.2422056347131729,0.2727987766265869,0.17441026866436005
008,0030,003043,0.2628418207168579,0.27904197573661804,0.19682618975639343
008,0030,003279,0.23792988061904907,0.2759094536304474,0.17441026866436005
008,0042,000099,0.2267836332321167,0.26435837149620056,0.16667540371418
008,0042,004196,0.22953522205352783,0.2782568037509918,0.16132023930549622
008,0042,004442,0.22135066986083984,0.27125170826911926,0.1561049073934555
008,0042,004740,0.23370636999607086,0.2658804655075073,0.16885694861412048
008,0042,006053,0.2613309323787689,0.2925952970981598,0.18242552876472473
008,0042,006275,0.25091278553009033,0.2958398759365082,0.19072403013706207
008,0052,002054,0.24944725632667542,0.27747300267219543,0.18242552876472473
008,0052,002563,0.3123700022697449,0.3486451208591461,0.23231014609336853
008,0059,001344,0.23231014609336853,0.2782568037509918,0.16885694861412048
008,0059,004241,0.28776782751083374,0.32766830921173096,0.21601155400276184
008,0059,006594,0.22541658580303192,0.25982561707496643,0.16885694861412048
008,0059,007318,0.25091278553009033,0.27904197573661804,0.18952108919620514
008,0088,001840,0.25982561707496643,0.30321571230888367,0.20055769383907318
008,0088,004068,0.2689414322376251,0.2925952970981598,0.19436779618263245
008,0090,000838,0.29992473125457764,0.3319854736328125,0.23091977834701538
008,0090,001795,0.2351083904504776,0.2743513584136963,0.169956237077713
008,0090,003895,0.3065270483493805,0.3407045006752014,0.23651622235774994
008,0090,005050,0.2351083904504776,0.2689414322376251,0.169956237077713
008,0093,005174,0.23934932053089142,0.26740819215774536,0.1766715943813324
008,0093,006252,0.4678179919719696,0.5128145813941956,0.37387579679489136
008,0095,002928,0.2351083904504776,0.2658804655075073,0.17895588278770447
008,0097,003533,0.3372035324573517,0.37022536993026733,0.25534364581108093
008,0097,004076,0.23091977834701538,0.2689414322376251,0.17217184603214264
008,0109,000441,0.22953522205352783,0.272024542093277,0.1677633374929428
008,0109,002821,0.25091278553009033,0.29746994376182556,0.18594719469547272
008,0109,006048,0.2829881012439728,0.31573596596717834,0.1980641782283783
008,0109,006810,0.2613309323787689,0.3015677034854889,0.18359363079071045
008,0161,003053,0.22815649211406708,0.2422056347131729,0.1755380779504776
008,0171,001872,0.3638729155063629,0.4125301241874695,0.2613309323787689
008,0171,001943,0.2568320035934448,0.2925952970981598,0.169956237077713
008,0171,002424,0.25091278553009033,0.29665425419807434,0.188323974609375
008,0171,002943,0.29098087549209595,0.3225259780883789,0.2186693549156189
008,0171,004397,0.2133771777153015,0.2568320035934448,0.14033624529838562
008,0171,006119,0.2658804655075073,0.29665425419807434,0.18952108919620514
008,0171,006347,0.26435837149620056,0.2950267493724823,0.2030746340751648
008,0176,001403,0.2613309323787689,0.308190256357193,0.188323974609375
008,0176,001896,0.2240554392337799,0.2538610100746155,0.16344544291496277
008,0176,003616,0.26435837149620056,0.30985841155052185,0.19436779618263245
008,0176,006829,0.22000710666179657,0.2628418207168579,0.14223189651966095
008,0180,000310,0.23651622235774994,0.2743513584136963,0.1766715943813324
008,0180,000660,0.23091977834701538,0.2845759987831116,0.16026602685451508
008,0180,001052,0.2689414322376251,0.2958398759365082,0.19559408724308014
008,0180,001265,0.2240554392337799,0.270480215549469,0.16132023930549622
008,0180,001615,0.2751297354698181,0.3182732164859772,0.20817892253398895
008,0180,001659,0.23091977834701538,0.2628418207168579,0.16885694861412048
008,0180,003293,0.2901756167411804,0.332852303981781,0.2107662856578827
008,0180,005999,0.2465333193540573,0.30569732189178467,0.1766715943813324
008,0180,007308,0.23231014609336853,0.2751297354698181,0.17217184603214264
008,0182,001037,0.270480215549469,0.3090237081050873,0.19072403013706207
008,0182,001406,0.2958398759365082,0.33111974596977234,0.22135066986083984
008,0182,003926,0.24508501589298248,0.28140559792518616,0.188323974609375
008,0182,005885,0.24798744916915894,0.29098087549209595,0.18242552876472473
008,0204,003222,0.23934932053089142,0.2751297354698181,0.18010666966438293
008,0204,006915,0.3319854736328125,0.37387579679489136,0.2422056347131729
008,0206,000096,0.2613309323787689,0.2885690927505493,0.18594719469547272
008,0206,000906,0.2628418207168579,0.28776782751083374,0.18242552876472473
008,0206,001231,0.2436424344778061,0.29421496391296387,0.18476751446723938
008,0206,002076,0.21733753383159637,0.25982561707496643,0.14128141105175018
008,0206,002437,0.2267836332321167,0.2689414322376251,0.1490352898836136
008,0206,002535,0.31742626428604126,0.3415825068950653,0.23934932053089142
008,0206,003230,0.2465333193540573,0.28219619393348694,0.17441026866436005
008,0206,006805,0.2523840367794037,0.30321571230888367,0.16885694861412048
008,0217,001786,0.21733753383159637,0.270480215549469,0.1561049073934555
008,0217,004058,0.24944725632667542,0.2845759987831116,0.18594719469547272
008,0217,005612,0.26740819215774536,0.3065270483493805,0.18952108919620514
008,0217,006001,0.2422056347131729,0.2934044599533081,0.17441026866436005
008,0217,006181,0.24077458679676056,0.2925952970981598,0.1710611879825592
008,0217,007238,0.22270013391971588,0.26740819215774536,0.15921740233898163
008,0223,001891,0.2436424344778061,0.27747300267219543,0.18476751446723938
008,0223,003459,0.26435837149620056,0.308190256357193,0.188323974609375
008,0223,006207,0.2422056347131729,0.29665425419807434,0.18359363079071045
008,0226,001180,0.2806163728237152,0.32766830921173096,0.20817892253398895
008,0226,002631,0.2735744118690491,0.30569732189178467,0.2120688259601593
008,0226,003643,0.2523840367794037,0.2934044599533081,0.18242552876472473
008,0226,005383,0.4481847584247589,0.48858842253685,0.35398629307746887
008,0226,005972,0.25534364581108093,0.28378137946128845,0.1755380779504776
008,0226,006875,0.24508501589298248,0.2829881012439728,0.1710611879825592
008,0226,007357,0.24077458679676056,0.2798284888267517,0.1710611879825592
008,0246,004363,0.28696784377098083,0.328529417514801,0.21601155400276184
008,0246,005680,0.36840569972991943,0.4163219630718231,0.2689414322376251
008,0247,002736,0.24798744916915894,0.28616926074028015,0.18359363079071045
008,0247,003119,0.25534364581108093,0.29178744554519653,0.17895588278770447
008,0247,004642,0.2186693549156189,0.2658804655075073,0.14706450700759888
008,0247,005130,0.21601155400276184,0.25982561707496643,0.13568955659866333
008,0247,007436,0.39793843030929565,0.45568299293518066,0.27904197573661804
009,0009,000656,0.31573596596717834,0.3557748794555664,0.2351083904504776
009,0029,002366,0.4510846734046936,0.49578869342803955,0.34775856137275696
009,0029,003156,0.39840641617774963,0.4510846734046936,0.28140559792518616
009,0029,004096,0.34510529041290283,0.3937346339225769,0.23934932053089142
009,0029,004967,0.5486735105514526,0.5903069972991943,0.4527778625488281
009,0029,006363,0.4472188949584961,0.49481216073036194,0.3319854736328125
009,0029,007329,0.5054013729095459,0.5535053014755249,0.37662312388420105
009,0032,000012,0.5089712142944336,0.5515737533569336,0.40827676653862
009,0032,002581,0.49011361598968506,0.5331543684005737,0.37662312388420105
009,0032,003725,0.35488009452819824,0.39840641617774963,0.25091278553009033
009,0032,006240,0.5072321891784668,0.5506073832511902,0.39187127351760864
009,0032,006871,0.37799978256225586,0.43254271149635315,0.26435837149620056
009,0055,005655,0.3830641508102417,0.4263215959072113,0.28776782751083374
009,0075,003846,0.28140559792518616,0.3259495198726654,0.19314736127853394
009,0075,005728,0.4568943679332733,0.4993743300437927,0.35667070746421814
009,0075,006895,0.4407099485397339,0.4904186427593231,0.3363310694694519
009,0076,005362,0.3830641508102417,0.4390257000923157,0.2743513584136963
009,0076,006862,0.4649015963077545,0.5208619236946106,0.3354596793651581
009,0080,001046,0.48194143176078796,0.5252470970153809,0.36840569972991943
009,0085,003821,0.4373428225517273,0.4830387830734253,0.3459886312484741
009,0085,006173,0.5101915001869202,0.5595307350158691,0.38676342368125916
009,0085,006308,0.333720326423645,0.38630032539367676,0.25091278553009033
009,0085,007776,0.4134771525859833,0.469033807516098,0.30569732189178467
009,0087,003347,0.45834869146347046,0.5039366483688354,0.34510529041290283
009,0087,004156,0.4440825283527374,0.5010604858398438,0.3225259780883789
009,0087,004877,0.4484262764453888,0.4979248046875,0.35309353470802307
009,0087,005118,0.3904758393764496,0.4392662048339844,0.28378137946128845
009,0087,005219,0.41205689311027527,0.4564097821712494,0.3132096529006958
009,0096,001797,0.47694510221481323,0.5235421657562256,0.3789186179637909
009,0096,003553,0.4692769944667816,0.5219584703445435,0.34953272342681885
009,0096,006543,0.39094078540802,0.45568299293518066,0.2958398759365082
009,0108,001581,0.40497803688049316,0.4573790431022644,0.28378137946128845
009,0108,002359,0.4791381061077118,0.5212274789810181,0.37799978256225586
009,0108,003448,0.49133387207984924,0.543347954750061,0.34953272342681885
009,0108,004874,0.5506073832511902,0.5822535157203674,0.4491509795188904
009,0108,005132,0.49362221360206604,0.5477060079574585,0.36931508779525757
009,0108,007183,0.5229331254959106,0.5708098411560059,0.3900110721588135
009,0111,000370,0.3486451208591461,0.39793843030929565,0.24798744916915894
009,0111,002926,0.3956010639667511,0.4402286112308502,0.2845759987831116
009,0111,007111,0.4012185335159302,0.45350387692451477,0.2991051971912384
009,0121,002092,0.5324251055717468,0.5741560459136963,0.4330222010612488
009,0121,005176,0.4704933166503906,0.5123876333236694,0.3835258483886719
009,0138,001005,0.4949952960014343,0.5341265201568604,0.39094078540802
009,0138,001457,0.2538610100746155,0.2782568037509918,0.18952108919620514
009,0138,004893,0.4863925576210022,0.5341265201568604,0.3674972355365753
009,0138,007448,0.4527778625488281,0.5034484267234802,0.3302551507949829
009,0144,000037,0.45205211639404297,0.5004768371582031,0.35042136907577515
009,0144,003106,0.503082275390625,0.5455278754234314,0.4002804160118103
009,0144,003326,0.44987592101097107,0.49145591259002686,0.35309353470802307
009,0144,007773,0.38537469506263733,0.42919009923934937,0.28219619393348694
009,0145,000951,0.3015677034854889,0.3459886312484741,0.2120688259601593
009,0145,005070,0.382602721452713,0.43206343054771423,0.2735744118690491
009,0145,005129,0.5377697348594666,0.5712883472442627,0.41205689311027527
009,0145,005340,0.31153160333633423,0.3593641221523285,0.2146914303302765
009,0154,001562,0.4201236963272095,0.4717099070549011,0.30321571230888367
009,0162,000210,0.4450470805168152,0.502471923828125,0.3259495198726654
009,0162,002668,0.4263215959072113,0.4831606447696686,0.28537195920944214
009,0162,003372,0.46101677417755127,0.5128755569458008,0.333720326423645
009,0162,004446,0.5001926422119141,0.5537466406822205,0.37662312388420105
009,0162,004900,0.3602639436721802,0.4130035638809204,0.25534364581108093
009,0162,006416,0.3965354263782501,0.44794324040412903,0.2806163728237152
009,0162,006668,0.2538610100746155,0.28140559792518616,0.18242552876472473
009,0162,006796,0.43062615394592285,0.4834045469760895,0.32338011264801025
009,0164,004127,0.39233678579330444,0.4440825283527374,0.2743513584136963
009,0164,006087,0.5019302368164062,0.545285701751709,0.38075897097587585
009,0166,004273,0.38769033551216125,0.4423955976963043,0.28140559792518616
009,0166,005766,0.382602721452713,0.4390257000923157,0.270480215549469
009,0168,003818,0.3602639436721802,0.40262696146965027,0.2538610100746155
009,0168,003998,0.5324251055717468,0.5784481763839722,0.3965354263782501
009,0168,005400,0.5144612789154053,0.5588085651397705,0.4111108183860779
009,0179,006578,0.46368712186813354,0.513729453086853,0.35309353470802307
009,0179,007372,0.4248892068862915,0.47731050848960876,0.31489261984825134
009,0183,000503,0.4902356266975403,0.5370413661003113,0.3904758393764496
009,0183,001544,0.38954657316207886,0.43878522515296936,0.28696784377098083
009,0183,001556,0.2782568037509918,0.3132096529006958,0.20055769383907318
009,0183,002612,0.3345894515514374,0.37937837839126587,0.23934932053089142
009,0183,003595,0.4380638897418976,0.4963074326515198,0.3065270483493805
009,0183,003929,0.3106943964958191,0.33982762694358826,0.22541658580303192
009,0183,004841,0.41679665446281433,0.45181018114089966,0.319121390581131
009,0183,005236,0.38676342368125916,0.4378235340118408,0.2751297354698181
009,0183,006511,0.38029852509498596,0.42536652088165283,0.28140559792518616
009,0183,007087,0.39606815576553345,0.4525359272956848,0.28219619393348694
009,0185,001765,0.38444983959198,0.429668664932251,0.28537195920944214
009,0185,002139,0.3993430435657501,0.44794324040412903,0.2743513584136963
009,0185,002533,0.42155182361602783,0.47183164954185486,0.3132096529006958
009,0185,002825,0.45495641231536865,0.5020904541015625,0.3354596793651581
009,0185,003097,0.4967803955078125,0.5409238338470459,0.37387579679489136
009,0185,007699,0.45205211639404297,0.502685546875,0.3073579967021942
009,0200,002484,0.4525359272956848,0.5023956298828125,0.3372035324573517
009,0200,006665,0.46223029494285583,0.5114116072654724,0.3442229926586151
009,0200,007038,0.3928025960922241,0.4421546757221222,0.2766905128955841
009,0216,002300,0.43854472041130066,0.48133188486099243,0.34687307476997375
009,0216,004311,0.4139508903026581,0.46101677417755127,0.3182732164859772
009,0230,000334,0.4201236963272095,0.47158825397491455,0.31573596596717834
009,0230,001695,0.4383043050765991,0.48529475927352905,0.3250918686389923
009,0230,002595,0.43014734983444214,0.48194143176078796,0.3132096529006958
009,0230,006449,0.45423004031181335,0.4965668320655823,0.34246158599853516
009,0243,002865,0.5170831680297852,0.5590493679046631,0.40969306230545044
009,0243,007024,0.45495641231536865,0.5069270730018616,0.3415825068950653
009,0251,001926,0.42727720737457275,0.47341376543045044,0.31489261984825134
009,0251,002525,0.4730486273765564,0.526829719543457,0.34334173798561096
009,0251,002755,0.47755420207977295,0.5256123542785645,0.35042136907577515
009,0251,005257,0.4598037302494049,0.5040587186813354,0.3363310694694519
009,0251,006718,0.42823341488838196,0.4717099070549011,0.3225259780883789
009,0251,007427,0.5050352215766907,0.5489152669906616,0.37662312388420105
010,0011,001143,0.34775856137275696,0.39187127351760864,0.2568320035934448
010,0011,004412,0.30321571230888367,0.3407045006752014,0.22541658580303192
010,0011,004802,0.5007286071777344,0.5365557670593262,0.40497803688049316
010,0011,005312,0.25091278553009033,0.29665425419807434,0.20055769383907318
010,0011,007144,0.2759094536304474,0.314050555229187,0.1980641782283783
010,0013,000725,0.3225259780883789,0.34510529041290283,0.2422056347131729
010,0013,001756,0.30985841155052185,0.3268083333969116,0.2351083904504776
010,0013,003460,0.3302551507949829,0.3674972355365753,0.2422056347131729
010,0022,000907,0.24508501589298248,0.28140559792518616,0.18713268637657166
010,0022,001831,0.42107561230659485,0.4627158045768738,0.33111974596977234
010,0022,001854,0.4287116527557373,0.4723183512687683,0.3372035324573517
010,0022,003171,0.2798284888267517,0.31573596596717834,0.19314736127853394
010,0022,004205,0.4525359272956848,0.5036620497703552,0.3259495198726654
010,0022,004206,0.43398144841194153,0.4873683750629425,0.30985841155052185
010,0022,004452,0.4706149399280548,0.5076898336410522,0.35042136907577515
010,0022,005838,0.3407045006752014,0.3839877247810364,0.25091278553009033
010,0022,006100,0.3656831681728363,0.4012185335159302,0.2743513584136963
010,0022,007100,0.4598037302494049,0.5007553100585938,0.36296918988227844
010,0022,007587,0.2751297354698181,0.30985841155052185,0.18952108919620514
010,0033,000304,0.3858373761177063,0.42202815413475037,0.2991051971912384
010,0033,001728,0.4130035638809204,0.4704933166503906,0.308190256357193
010,0045,000070,0.2950267493724823,0.3242354094982147,0.21733753383159637
010,0045,000359,0.5097033381462097,0.5382551550865173,0.40450742840766907
010,0045,000580,0.4201236963272095,0.4709798991680145,0.30321571230888367
010,0045,001491,0.3839877247810364,0.4239349663257599,0.2958398759365082
010,0045,002188,0.2523840367794037,0.2991051971912384,0.17895588278770447
010,0045,003602,0.4063906967639923,0.4445647597312927,0.3199707269668579
010,0045,003729,0.45568299293518066,0.5099473595619202,0.332852303981781
010,0045,003812,0.2798284888267517,0.32082128524780273,0.19072403013706207
010,0045,004501,0.3007456064224243,0.3407045006752014,0.22270013391971588
010,0045,005911,0.45568299293518066,0.500579833984375,0.351311057806015
010,0045,006236,0.3584653437137604,0.40450742840766907,0.25091278553009033
010,0045,006941,0.2422056347131729,0.2798284888267517,0.17328819632530212
010,0045,007334,0.4040370583534241,0.4455295205116272,0.2991051971912384
010,0045,007678,0.270480215549469,0.3090237081050873,0.188323974609375
010,0046,000442,0.3407045006752014,0.36206647753715515,0.2628418207168579
010,0046,004003,0.3602639436721802,0.4073334038257599,0.26971012353897095
010,0046,007732,0.5297499895095825,0.5679365992546082,0.4153730273246765
010,0047,004106,0.36840569972991943,0.40686196088790894,0.26740819215774536
010,0047,005436,0.32338011264801025,0.35488009452819824,0.2422056347131729
010,0047,006695,0.5183023810386658,0.5590493679046631,0.42202815413475037
010,0065,002342,0.2465333193540573,0.28378137946128845,0.16238002479076385
010,0065,002952,0.39466747641563416,0.4311051070690155,0.308190256357193
010,0065,002993,0.4368622601032257,0.47536173462867737,0.33982762694358826
010,0079,000890,0.29828691482543945,0.3345894515514374,0.21733753383159637
010,0079,002029,0.328529417514801,0.382602721452713,0.20946967601776123
010,0079,002332,0.2727987766265869,0.30569732189178467,0.2018132209777832
010,0079,003609,0.28537195920944214,0.31742626428604126,0.1980641782283783
010,0079,004326,0.4016878008842468,0.4452883005142212,0.29746994376182556
010,0079,004447,0.34510529041290283,0.39326852560043335,0.23792988061904907
010,0079,005899,0.28378137946128845,0.31573596596717834,0.20817892253398895
010,0079,006042,0.2422056347131729,0.28616926074028015,0.1677633374929428
010,0079,006061,0.29828691482543945,0.328529417514801,0.22541658580303192
010,0079,007393,0.29992473125457764,0.3415825068950653,0.20817892253398895
010,0089,000635,0.3988746404647827,0.4414321780204773,0.3015677034854889
010,0100,002477,0.308190256357193,0.3486451208591461,0.22953522205352783
010,0100,003907,0.32082128524780273,0.34775856137275696,0.2538610100746155
010,0100,005560,0.2829881012439728,0.3199707269668579,0.19559408724308014
010,0100,006159,0.37799978256225586,0.4201236963272095,0.28140559792518616
010,0104,001202,0.38676342368125916,0.4315841495990753,0.2806163728237152
010,0104,003489,0.2523840367794037,0.28937169909477234,0.18476751446723938
010,0104,006271,0.43254271149635315,0.47438764572143555,0.33982762694358826
010,0115,001100,0.2782568037509918,0.3225259780883789,0.20817892253398895
010,0115,002124,0.35667070746421814,0.3974705636501312,0.26435837149620056
010,0115,002474,0.22135066986083984,0.26435837149620056,0.1490352898836136
010,0115,003022,0.34953272342681885,0.3951341509819031,0.2568320035934448
010,0115,003067,0.3182732164859772,0.3250918686389923,0.25091278553009033
010,0115,005853,0.4423955976963043,0.49084576964378357,0.3319854736328125
010,0115,007580,0.2240554392337799,0.2743513584136963,0.16026602685451508
010,0125,001629,0.4965973496437073,0.5397111177444458,0.38769033551216125
010,0125,006365,0.3363310694694519,0.3656831681728363,0.2689414322376251
010,0125,007090,0.5493988394737244,0.5893619060516357,0.43398144841194153
010,0135,000102,0.37570643424987793,0.4258439540863037,0.2751297354698181
010,0135,000601,0.4902966022491455,0.529628336429596,0.37570643424987793
010,0135,001172,0.3345894515514374,0.3656831681728363,0.2465333193540573
010,0135,001525,0.5215929746627808,0.5556763410568237,0.4139508903026581
010,0135,001566,0.26435837149620056,0.29665425419807434,0.2018132209777832
010,0135,001579,0.382602721452713,0.41869693994522095,0.29746994376182556
010,0135,002119,0.3729618787765503,0.40686196088790894,0.2950267493724823
010,0135,004047,0.29421496391296387,0.3293917179107666,0.2120688259601593
010,0135,004888,0.31742626428604126,0.35398629307746887,0.22953522205352783
010,0135,005739,0.38769033551216125,0.4248892068862915,0.308190256357193
010,0135,006715,0.2829881012439728,0.3123700022697449,0.1919327825307846
010,0136,000226,0.42202815413475037,0.4568943679332733,0.32766830921173096
010,0136,004188,0.5058286190032959,0.5460120439529419,0.411583811044693
010,0141,000314,0.42107561230659485,0.4653874635696411,0.314050555229187
010,0141,001526,0.44673606753349304,0.48895445466041565,0.34246158599853516
010,0141,003244,0.37937837839126587,0.4248892068862915,0.2829881012439728
010,0141,004136,0.53946852684021,0.564578652381897,0.43062615394592285
010,0143,002878,0.44987592101097107,0.4941714107990265,0.34953272342681885
010,0143,002909,0.4539879560470581,0.4971008598804474,0.34246158599853516
010,0143,003034,0.36840569972991943,0.40686196088790894,0.2689414322376251
010,0143,006684,0.43062615394592285,0.47962552309036255,0.31658050417900085
010,0143,007706,0.5201307535171509,0.5510905385017395,0.4073334038257599
010,0150,000515,0.3970029056072235,0.4428774416446686,0.3106943964958191
010,0150,000817,0.20689405500888824,0.25091278553009033,0.13568955659866333
010,0150,000973,0.2628418207168579,0.30985841155052185,0.19314736127853394
010,0150,001481,0.2422056347131729,0.29098087549209595,0.1766715943813324
010,0150,001537,0.23651622235774994,0.27125170826911926,0.16885694861412048
010,0150,001650,0.2107662856578827,0.24508501589298248,0.15304215252399445
010,0150,002962,0.3065270483493805,0.34775856137275696,0.21601155400276184
010,0150,003451,0.3638729155063629,0.40827676653862,0.25982561707496643
010,0150,003606,0.3638729155063629,0.4111108183860779,0.25982561707496643
010,0150,003708,0.22815649211406708,0.2613309323787689,0.16885694861412048
010,0150,005209,0.22270013391971588,0.2628418207168579,0.1581743359565735
010,0150,005324,0.3354596793651581,0.38075897097587585,0.23651622235774994
010,0150,006828,0.34510529041290283,0.39981165528297424,0.2465333193540573
010,0155,000575,0.40262696146965027,0.4411914050579071,0.29992473125457764
010,0155,003379,0.4263215959072113,0.47852879762649536,0.30239108204841614
010,0155,006410,0.3830641508102417,0.42441198229789734,0.2991051971912384
010,0159,000749,0.3319854736328125,0.3775406777858734,0.2436424344778061
010,0159,007558,0.48169761896133423,0.5242729187011719,0.39326852560043335
010,0160,002847,0.39326852560043335,0.44577082991600037,0.2845759987831116
010,0160,003570,0.43878522515296936,0.47816330194473267,0.35220175981521606
010,0163,001066,0.2743513584136963,0.3132096529006958,0.18594719469547272
010,0163,003404,0.29178744554519653,0.3268083333969116,0.20434190332889557
010,0165,000079,0.2613309323787689,0.29421496391296387,0.18242552876472473
010,0165,000105,0.2885690927505493,0.31573596596717834,0.2030746340751648
010,0165,000789,0.2568320035934448,0.28616926074028015,0.20689405500888824
010,0165,000979,0.3839877247810364,0.42823341488838196,0.272024542093277
010,0165,001087,0.25534364581108093,0.29828691482543945,0.17781086266040802
010,0165,001573,0.4059196412563324,0.4568943679332733,0.2950267493724823
010,0165,001869,0.29178744554519653,0.3259495198726654,0.2133771777153015
010,0165,002206,0.45423004031181335,0.49621593952178955,0.3593641221523285
010,0165,003504,0.351311057806015,0.3674972355365753,0.26740819215774536
010,0165,005586,0.44263648986816406,0.4881613850593567,0.332852303981781
010,0169,001383,0.41869693994522095,0.465630441904068,0.30404165387153625
010,0169,005527,0.429668664932251,0.4685474932193756,0.3182732164859772
010,0172,001029,0.3132096529006958,0.3242354094982147,0.23370636999607086
010,0172,002146,0.22270013391971588,0.26740819215774536,0.16132023930549622
010,0172,002603,0.47317034006118774,0.509276270866394,0.378459095954895
010,0172,002990,0.2727987766265869,0.30985841155052185,0.18594719469547272
010,0172,004040,0.3302551507949829,0.3775406777858734,0.2351083904504776
010,0172,005056,0.2829881012439728,0.3259495198726654,0.19930799305438995
010,0172,005242,0.3858373761177063,0.4201236963272095,0.2934044599533081
010,0172,007062,0.4450470805168152,0.48688048124313354,0.34953272342681885
010,0172,007333,0.314050555229187,0.3674972355365753,0.22953522205352783
010,0178,000021,0.3584653437137604,0.40969306230545044,0.25982561707496643
010,0178,000816,0.4590761363506317,0.501800537109375,0.3656831681728363
010,0178,002423,0.4593186378479004,0.5017852783203125,0.3415825068950653
010,0178,004416,0.41063806414604187,0.4627158045768738,0.29665425419807434
010,0178,005066,0.5043944120407104,0.543832540512085,0.40969306230545044
010,0178,006922,0.4547143280506134,0.499053955078125,0.36206647753715515
010,0178,007519,0.4639299511909485,0.5090932250022888,0.35398629307746887
010,0190,000404,0.31153160333633423,0.3345894515514374,0.22815649211406708
010,0190,000487,0.21601155400276184,0.2628418207168579,0.15713684260845184
010,0190,000602,0.28140559792518616,0.3106943964958191,0.2030746340751648
010,0190,000631,0.23934932053089142,0.28140559792518616,0.17328819632530212
010,0190,000644,0.3380771279335022,0.38168036937713623,0.25982561707496643
010,0190,001424,0.20561504364013672,0.2465333193540573,0.1276526302099228
010,0190,001953,0.2538610100746155,0.2751297354698181,0.18713268637657166
010,0190,002463,0.34687307476997375,0.3890821933746338,0.2568320035934448
010,0190,002619,0.24508501589298248,0.2782568037509918,0.18952108919620514
010,0190,004010,0.26435837149620056,0.3007456064224243,0.18010666966438293
010,0190,004985,0.2436424344778061,0.2766905128955841,0.16885694861412048
010,0190,005842,0.37022536993026733,0.42298123240470886,0.28219619393348694
010,0190,005903,0.44046923518180847,0.47621428966522217,0.3363310694694519
010,0190,006849,0.24077458679676056,0.28937169909477234,0.16667540371418
010,0190,007059,0.23651622235774994,0.28140559792518616,0.16559311747550964
010,0190,007271,0.3407045006752014,0.38444983959198,0.25982561707496643
010,0190,007632,0.2845759987831116,0.3132096529006958,0.2030746340751648
010,0193,000302,0.23792988061904907,0.28776782751083374,0.16559311747550964
010,0193,000402,0.4368622601032257,0.47840696573257446,0.34334173798561096
010,0193,000590,0.37387579679489136,0.41584742069244385,0.26435837149620056
010,0193,002480,0.3674972355365753,0.40874865651130676,0.2743513584136963
010,0193,003216,0.3106943964958191,0.3259495198726654,0.23091977834701538
010,0193,005552,0.2351083904504776,0.2845759987831116,0.16667540371418
010,0193,007259,0.26435837149620056,0.29746994376182556,0.18713268637657166
010,0201,004720,0.47755420207977295,0.5169612765312195,0.3674972355365753
010,0201,005644,0.29828691482543945,0.3354596793651581,0.21733753383159637
010,0201,006721,0.4139508903026581,0.45205211639404297,0.3250918686389923
010,0202,004292,0.3557748794555664,0.40497803688049316,0.2465333193540573
010,0203,005064,0.3268083333969116,0.35220175981521606,0.24508501589298248
010,0209,000722,0.37387579679489136,0.4101654887199402,0.2735744118690491
010,0209,001549,0.3123700022697449,0.3442229926586151,0.23231014609336853
010,0209,001843,0.4258439540863037,0.46223029494285583,0.3380771279335022
010,0209,002129,0.47682324051856995,0.5224458575248718,0.34510529041290283
010,0209,002733,0.2267836332321167,0.2658804655075073,0.16559311747550964
010,0209,002860,0.27904197573661804,0.314050555229187,0.2120688259601593
010,0209,004577,0.28696784377098083,0.30404165387153625,0.22815649211406708
010,0209,004786,0.3065270483493805,0.3199707269668579,0.2120688259601593
010,0209,005093,0.33982762694358826,0.3830641508102417,0.2465333193540573
010,0209,005184,0.2568320035934448,0.29178744554519653,0.16451646387577057
010,0209,007693,0.41917234659194946,0.479381799697876,0.3048688769340515
010,0215,000778,0.30321571230888367,0.32766830921173096,0.2240554392337799
010,0215,001404,0.2240554392337799,0.2751297354698181,0.1550784707069397
010,0215,004054,0.3593641221523285,0.40450742840766907,0.2743513584136963
010,0215,004421,0.22541658580303192,0.2689414322376251,0.1490352898836136
010,0215,005025,0.2782568037509918,0.29992473125457764,0.22000710666179657
010,0215,005164,0.22953522205352783,0.2766905128955841,0.16667540371418
010,0215,005763,0.2523840367794037,0.29178744554519653,0.16667540371418
010,0215,006497,0.2538610100746155,0.29828691482543945,0.17328819632530212
010,0215,006517,0.3747906982898712,0.4134771525859833,0.28537195920944214
010,0215,006798,0.29992473125457764,0.34510529041290283,0.2120688259601593
010,0236,000073,0.23651622235774994,0.29098087549209595,0.17328819632530212
010,0236,001514,0.32082128524780273,0.3602639436721802,0.23231014609336853
010,0236,002088,0.33982762694358826,0.3835258483886719,0.24944725632667542
010,0236,002684,0.314050555229187,0.35667070746421814,0.23091977834701538
010,0236,004854,0.23370636999607086,0.2751297354698181,0.1710611879825592
010,0236,005952,0.4685474932193756,0.511167585849762,0.36206647753715515
010,0236,006439,0.23651622235774994,0.28378137946128845,0.16667540371418
010,0236,006765,0.2958398759365082,0.3293917179107666,0.21601155400276184
010,0239,000173,0.3729618787765503,0.42202815413475037,0.2743513584136963
010,0239,005803,0.2798284888267517,0.3090237081050873,0.2146914303302765
010,0241,006510,0.4330222010612488,0.48035678267478943,0.308190256357193
010,0242,001212,0.2782568037509918,0.29992473125457764,0.20946967601776123
010,0242,001243,0.2568320035934448,0.29421496391296387,0.19436779618263245
010,0242,001596,0.4445647597312927,0.4959717392921448,0.3250918686389923
010,0242,002280,0.3665897250175476,0.4111108183860779,0.2689414322376251
010,0242,002329,0.351311057806015,0.3956010639667511,0.25534364581108093
010,0242,002427,0.3890821933746338,0.4344612956047058,0.2782568037509918
010,0242,003903,0.30404165387153625,0.34334173798561096,0.2120688259601593
010,0242,004152,0.2689414322376251,0.2934044599533081,0.19930799305438995
010,0242,004290,0.272024542093277,0.30404165387153625,0.18594719469547272
010,0242,004590,0.38769033551216125,0.42823341488838196,0.29665425419807434
010,0242,005458,0.42250463366508484,0.46465864777565,0.3319854736328125
010,0242,005638,0.3106943964958191,0.3415825068950653,0.23231014609336853
010,0242,006666,0.43206343054771423,0.48023492097854614,0.3182732164859772
010,0242,007500,0.270480215549469,0.30239108204841614,0.2018132209777832
